Workbook

Sheet excel_eda_sample_data
A1: Date | B1: Product | C1: Category | D1: Region | E1: Sales ($) | F1: Units Sold | G1: Supplier name(lookup) | L1: Product | M1: avg sales per product | O1: top 3
A2: 45084 | B2: Camera | C2: Electronics | D2: East | E2: 1483.11 | F2: 1 | G2: =_xlfn.XLOOKUP($B2,supplier_data!A:A,supplier_data!B:B) -> Canon | L2: Camera | M2: =AVERAGEIFS(E:E,B:B,L2) -> 1068.5208 | O2: =SUMIFS(E:E,B:B,L2) -> 105783.56
A3: 45146 | B3: Camera | C3: Electronics | D3: West | E3: 1685.42 | F3: 12 | G3: =_xlfn.XLOOKUP($B3,supplier_data!A:A,supplier_data!B:B) -> Canon | H3: West | I3: =SUMIFS(F:F,D:D,H3) -> 6896 | L3: Phone | M3: =AVERAGEIFS(E:E,B:B,L3) -> 1066.0514 | O3: =SUMIFS(E:E,B:B,L3) -> 98076.73
A4: 45219 | B4: Phone | C4: Electronics | D4: North | E4: 1419.61 | F4: 15 | G4: =_xlfn.XLOOKUP($B4,supplier_data!A:A,supplier_data!B:B) -> Samsung | L4: Laptop | M4: =AVERAGEIFS(E:E,B:B,L4) -> 1091.8952 | O4: =SUMIFS(E:E,B:B,L4) -> 91719.2
A5: 45160 | B5: Laptop | C5: Electronics | D5: West | E5: 789.65 | F5: 34 | G5: =_xlfn.XLOOKUP($B5,supplier_data!A:A,supplier_data!B:B) -> Dell | L5: Monitor | M5: =AVERAGEIFS(E:E,B:B,L5) -> 1068.5713 | O5: =SUMIFS(E:E,B:B,L5) -> 105788.56
A6: 45213 | B6: Camera | C6: Electronics | D6: South | E6: 1810.38 | F6: 6 | G6: =_xlfn.XLOOKUP($B6,supplier_data!A:A,supplier_data!B:B) -> Canon | L6: Shoes | M6: =AVERAGEIFS(E:E,B:B,L6) -> 1061.0718 | O6: =SUMIFS(E:E,B:B,L6) -> 88068.96
A7: 45250 | B7: Phone | C7: Electronics | D7: North | E7: 1218.36 | F7: 12 | G7: =_xlfn.XLOOKUP($B7,supplier_data!A:A,supplier_data!B:B) -> Samsung | L7: Watch | M7: =AVERAGEIFS(E:E,B:B,L7) -> 980.4499 | O7: =SUMIFS(E:E,B:B,L7) -> 97064.54
A8: 45078 | B8: Laptop | C8: Electronics | D8: North | E8: 1994.9 | F8: 38 | G8: =_xlfn.XLOOKUP($B8,supplier_data!A:A,supplier_data!B:B) -> Dell | L8: Mouse | M8: =AVERAGEIFS(E:E,B:B,L8) -> 1049.0025 | O8: =SUMIFS(E:E,B:B,L8) -> 111194.27
A9: 44930 | B9: Monitor | C9: Electronics | D9: North | E9: 1848.68 | F9: 7 | G9: =_xlfn.XLOOKUP($B9,supplier_data!A:A,supplier_data!B:B) -> LG | L9: Keyboard | M9: =AVERAGEIFS(E:E,B:B,L9) -> 1002.0043 | O9: =SUMIFS(E:E,B:B,L9) -> 112224.48
A10: 45202 | B10: Shoes | C10: Apparel | D10: North | E10: 1393.54 | F10: 41 | G10: =_xlfn.XLOOKUP($B10,supplier_data!A:A,supplier_data!B:B) -> Nike | L10: Headphones | M10: =AVERAGEIFS(E:E,B:B,L10) -> 1065.0543 | O10: =SUMIFS(E:E,B:B,L10) -> 115025.86
A11: 45259 | B11: Watch | C11: Accessories | D11: East | E11: 413.13 | F11: 12 | G11: =_xlfn.XLOOKUP($B11,supplier_data!A:A,supplier_data!B:B) -> Fossil | L11: Tablet | M11: =AVERAGEIFS(E:E,B:B,L11) -> 1116.0258 | O11: =SUMIFS(E:E,B:B,L11) -> 131691.04
A12: 45071 | B12: Mouse | C12: Electronics | D12: West | E12: 597.02 | F12: 4 | G12: =_xlfn.XLOOKUP($B12,supplier_data!A:A,supplier_data!B:B) -> HP
A13: 45008 | B13: Keyboard | C13: Electronics | D13: North | E13: 1357.22 | F13: 36 | G13: =_xlfn.XLOOKUP($B13,supplier_data!A:A,supplier_data!B:B) -> Logitech
A14: 45088 | B14: Monitor | C14: Electronics | D14: West | E14: 1763.24 | F14: 46 | G14: =_xlfn.XLOOKUP($B14,supplier_data!A:A,supplier_data!B:B) -> LG
A15: 45078 | B15: Shoes | C15: Apparel | D15: North | E15: 218.6 | F15: 38 | G15: =_xlfn.XLOOKUP($B15,supplier_data!A:A,supplier_data!B:B) -> Nike
A16: 45290 | B16: Laptop | C16: Electronics | D16: East | E16: 1419.46 | F16: 27 | G16: =_xlfn.XLOOKUP($B16,supplier_data!A:A,supplier_data!B:B) -> Dell
A17: 44969 | B17: Keyboard | C17: Electronics | D17: South | E17: 1141.88 | F17: 40 | G17: =_xlfn.XLOOKUP($B17,supplier_data!A:A,supplier_data!B:B) -> Logitech
A18: 44999 | B18: Phone | C18: Electronics | D18: East | E18: 1296.98 | F18: 16 | G18: =_xlfn.XLOOKUP($B18,supplier_data!A:A,supplier_data!B:B) -> Samsung
A19: 45047 | B19: Phone | C19: Electronics | D19: North | E19: 1595.81 | F19: 28 | G19: =_xlfn.XLOOKUP($B19,supplier_data!A:A,supplier_data!B:B) -> Samsung
A20: 44997 | B20: Monitor | C20: Electronics | D20: West | E20: 1037.15 | F20: 27 | G20: =_xlfn.XLOOKUP($B20,supplier_data!A:A,supplier_data!B:B) -> LG
A21: 45112 | B21: Shoes | C21: Apparel | D21: North | E21: 1583.73 | F21: 40 | G21: =_xlfn.XLOOKUP($B21,supplier_data!A:A,supplier_data!B:B) -> Nike
A22: 45141 | B22: Watch | C22: Accessories | D22: East | E22: 132.33 | F22: 26 | G22: =_xlfn.XLOOKUP($B22,supplier_data!A:A,supplier_data!B:B) -> Fossil
A23: 45181 | B23: Monitor | C23: Electronics | D23: South | E23: 1264.47 | F23: 21 | G23: =_xlfn.XLOOKUP($B23,supplier_data!A:A,supplier_data!B:B) -> LG
... A1001: 45214 | B1001: Monitor | C1001: Electronics | D1001: West | E1001: 1334.14 | F1001: 8 | G1001: =_xlfn.XLOOKUP($B1001,supplier_data!A:A,supplier_data!B:B) -> LG

Sheet supplier_data
A1: Product | B1: Supplier | C1: Cost Price ($)
A2: Laptop | B2: Dell | C2: 900
A3: Phone | B3: Samsung | C3: 500
A4: Tablet | B4: Apple | C4: 700
A5: Headphones | B5: Sony | C5: 150
A6: Shoes | B6: Nike | C6: 200
A7: Watch | B7: Fossil | C7: 300
A8: Camera | B8: Canon | C8: 1200
A9: Monitor | B9: LG | C9: 350
A10: Keyboard | B10: Logitech | C10: 100
A11: Mouse | B11: HP | C11: 50
